[
  {
    "pk": 2,
    "model": "workflow.assessmentworkflow",
    "fields": {
      "status": "done",
      "uuid": "3884f3cc-d0ae-11e3-9820-14109fd8dc43",
      "created": "2014-04-30T21:27:24.236Z",
      "submission_uuid": "387d840a-d0ae-11e3-bb0e-14109fd8dc43",
      "modified": "2014-04-30T21:28:41.814Z",
      "course_id": "edX/Enchantment_101/April_1",
      "item_id": "openassessmentblock-poverty-rubric.openassessment.d0.u0",
      "status_changed": "2014-04-30T21:28:41.814Z"
    }
  },
  {
    "pk": 1,
    "model": "workflow.assessmentworkflow",
    "fields": {
      "status": "done",
      "uuid": "178beedc-d0ae-11e3-afc3-14109fd8dc43",
      "created": "2014-04-30T21:26:28.917Z",
      "submission_uuid": "1783758f-d0ae-11e3-b495-14109fd8dc43",
      "modified": "2014-04-30T21:28:49.284Z",
      "course_id": "edX/Enchantment_101/April_1",
      "item_id": "openassessmentblock-poverty-rubric.openassessment.d0.u0",
      "status_changed": "2014-04-30T21:28:49.284Z"
    }
  },
  {
    "pk": 2,
    "model": "assessment.rubric",
    "fields": {
      "content_hash": "1641a7cd3ab1cca196ba04db334641478b636199"
    }
  },
  {
    "pk": 1,
    "model": "assessment.rubric",
    "fields": {
      "content_hash": "7405a513d9f99b62dd561816f20cdb90b09b8060"
    }
  },
  {
    "pk": 1,
    "model": "assessment.criterion",
    "fields": {
      "order_num": 0,
      "label": "concise label",
      "prompt": "How concise is it?",
      "rubric": 1,
      "name": "concise"
    }
  },
  {
    "pk": 2,
    "model": "assessment.criterion",
    "fields": {
      "order_num": 1,
      "label": "clear-headed label",
      "prompt": "How clear is the thinking?",
      "rubric": 1,
      "name": "clear-headed"
    }
  },
  {
    "pk": 3,
    "model": "assessment.criterion",
    "fields": {
      "order_num": 2,
      "label": "form label",
      "prompt": "Lastly, how is its form? Punctuation, grammar, and spelling all count.",
      "rubric": 1,
      "name": "form"
    }
  },
  {
    "pk": 4,
    "model": "assessment.criterion",
    "fields": {
      "order_num": 0,
      "label": "concise label",
      "prompt": "How concise is it?",
      "rubric": 2,
      "name": "concise"
    }
  },
  {
    "pk": 5,
    "model": "assessment.criterion",
    "fields": {
      "order_num": 1,
      "label": "clear-headed label",
      "prompt": "How clear is the thinking?",
      "rubric": 2,
      "name": "clear-headed"
    }
  },
  {
    "pk": 6,
    "model": "assessment.criterion",
    "fields": {
      "order_num": 2,
      "label": "form label",
      "prompt": "Lastly, how is its form? Punctuation, grammar, and spelling all count.",
      "rubric": 2,
      "name": "form"
    }
  },
  {
    "pk": 1,
    "model": "assessment.criterionoption",
    "fields": {
      "name": "Neal Stephenson (late)",
      "explanation": "\n                    In \"Cryptonomicon\", Stephenson spent multiple pages talking about breakfast cereal.\n                    While hilarious, in recent years his work has been anything but 'concise'.\n                ",
      "label": "Neal Stephenson (late) label",
      "points": 0,
      "criterion": 1,
      "order_num": 0
    }
  },
  {
    "pk": 2,
    "model": "assessment.criterionoption",
    "fields": {
      "name": "HP Lovecraft",
      "explanation": "\n                    If the author wrote something cyclopean that staggers the mind, score it thus.\n                ",
      "label": "HP Lovecraft label",
      "points": 1,
      "criterion": 1,
      "order_num": 1
    }
  },
  {
    "pk": 3,
    "model": "assessment.criterionoption",
    "fields": {
      "name": "Robert Heinlein",
      "explanation": "\n                    Tight prose that conveys a wealth of information about the world in relatively\n                    few words. Example, \"The door irised open and he stepped inside.\"\n                ",
      "label": "Robert Heinlein label",
      "points": 3,
      "criterion": 1,
      "order_num": 2
    }
  },
  {
    "pk": 4,
    "model": "assessment.criterionoption",
    "fields": {
      "name": "Neal Stephenson (early)",
      "explanation": "\n                    When Stephenson still had an editor, his prose was dense, with anecdotes about\n                    nitrox abuse implying main characters' whole life stories.\n                ",
      "label": "Neal Stephenson (early) label",
      "points": 4,
      "criterion": 1,
      "order_num": 3
    }
  },
  {
    "pk": 5,
    "model": "assessment.criterionoption",
    "fields": {
      "name": "Earnest Hemingway",
      "explanation": "\n                    Score the work this way if it makes you weep, and the removal of a single\n                    word would make you sneer.\n                ",
      "label": "Earnest Hemingway label",
      "points": 5,
      "criterion": 1,
      "order_num": 4
    }
  },
  {
    "pk": 6,
    "model": "assessment.criterionoption",
    "fields": {
      "name": "Yogi Berra",
      "explanation": "",
      "label": "Yogi Berra label",
      "points": 0,
      "criterion": 2,
      "order_num": 0
    }
  },
  {
    "pk": 7,
    "model": "assessment.criterionoption",
    "fields": {
      "name": "Hunter S. Thompson",
      "explanation": "",
      "label": "Hunter S. Thompson label",
      "points": 1,
      "criterion": 2,
      "order_num": 1
    }
  },
  {
    "pk": 8,
    "model": "assessment.criterionoption",
    "fields": {
      "name": "Robert Heinlein",
      "explanation": "",
      "label": "Robert Heinlein label",
      "points": 2,
      "criterion": 2,
      "order_num": 2
    }
  },
  {
    "pk": 9,
    "model": "assessment.criterionoption",
    "fields": {
      "name": "Isaac Asimov",
      "explanation": "",
      "label": "Isaac Asimov label",
      "points": 3,
      "criterion": 2,
      "order_num": 3
    }
  },
  {
    "pk": 10,
    "model": "assessment.criterionoption",
    "fields": {
      "name": "Spock",
      "explanation": "\n                    Coolly rational, with a firm grasp of the main topics, a crystal-clear train of thought,\n                    and unemotional examination of the facts.  This is the only item explained in this category,\n                    to show that explained and unexplained items can be mixed.\n                ",
      "label": "Spock label",
      "points": 10,
      "criterion": 2,
      "order_num": 4
    }
  },
  {
    "pk": 11,
    "model": "assessment.criterionoption",
    "fields": {
      "name": "lolcats",
      "explanation": "",
      "label": "lolcats label",
      "points": 0,
      "criterion": 3,
      "order_num": 0
    }
  },
  {
    "pk": 12,
    "model": "assessment.criterionoption",
    "fields": {
      "name": "Facebook",
      "explanation": "",
      "label": "Facebook label",
      "points": 1,
      "criterion": 3,
      "order_num": 1
    }
  },
  {
    "pk": 13,
    "model": "assessment.criterionoption",
    "fields": {
      "name": "Reddit",
      "explanation": "",
      "label": "Reddit label",
      "points": 2,
      "criterion": 3,
      "order_num": 2
    }
  },
  {
    "pk": 14,
    "model": "assessment.criterionoption",
    "fields": {
      "name": "metafilter",
      "explanation": "",
      "label": "metafilter label",
      "points": 3,
      "criterion": 3,
      "order_num": 3
    }
  },
  {
    "pk": 15,
    "model": "assessment.criterionoption",
    "fields": {
      "name": "Usenet, 1996",
      "explanation": "",
      "label": "Usenet, 1996 label",
      "points": 4,
      "criterion": 3,
      "order_num": 4
    }
  },
  {
    "pk": 16,
    "model": "assessment.criterionoption",
    "fields": {
      "name": "The Elements of Style",
      "explanation": "",
      "label": "The Elements of Style label",
      "points": 5,
      "criterion": 3,
      "order_num": 5
    }
  },
  {
    "pk": 17,
    "model": "assessment.criterionoption",
    "fields": {
      "name": "Neal Stephenson (late)",
      "explanation": "\n                    In \"Cryptonomicon\", Stephenson spent multiple pages talking about breakfast cereal.\n                    While hilarious, in recent years his work has been anything but 'concise'.\n                ",
      "label": "Neal Stephenson (late) label",
      "points": 0,
      "criterion": 4,
      "order_num": 0
    }
  },
  {
    "pk": 18,
    "model": "assessment.criterionoption",
    "fields": {
      "name": "HP Lovecraft",
      "explanation": "\n                    If the author wrote something cyclopean that staggers the mind, score it thus.\n                ",
      "label": "HP Lovecraft label",
      "points": 1,
      "criterion": 4,
      "order_num": 1
    }
  },
  {
    "pk": 19,
    "model": "assessment.criterionoption",
    "fields": {
      "name": "Robert Heinlein",
      "explanation": "\n                    Tight prose that conveys a wealth of information about the world in relatively\n                    few words. Example, \"The door irised open and he stepped inside.\"\n                ",
      "label": "Robert Heinlein label",
      "points": 3,
      "criterion": 4,
      "order_num": 2
    }
  },
  {
    "pk": 20,
    "model": "assessment.criterionoption",
    "fields": {
      "name": "Neal Stephenson (early)",
      "explanation": "\n                    When Stephenson still had an editor, his prose was dense, with anecdotes about\n                    nitrox abuse implying main characters' whole life stories.\n                ",
      "label": "Neal Stephenson (early) label",
      "points": 4,
      "criterion": 4,
      "order_num": 3
    }
  },
  {
    "pk": 21,
    "model": "assessment.criterionoption",
    "fields": {
      "name": "Earnest Hemingway",
      "explanation": "\n                    Score the work this way if it makes you weep, and the removal of a single\n                    word would make you sneer.\n                ",
      "label": "Earnest Hemingway label",
      "points": 5,
      "criterion": 4,
      "order_num": 4
    }
  },
  {
    "pk": 22,
    "model": "assessment.criterionoption",
    "fields": {
      "name": "Yogi Berra",
      "explanation": "",
      "label": "Yogi Berra label",
      "points": 0,
      "criterion": 5,
      "order_num": 0
    }
  },
  {
    "pk": 23,
    "model": "assessment.criterionoption",
    "fields": {
      "name": "Hunter S. Thompson",
      "explanation": "",
      "label": "Hunter S. Thompson label",
      "points": 1,
      "criterion": 5,
      "order_num": 1
    }
  },
  {
    "pk": 24,
    "model": "assessment.criterionoption",
    "fields": {
      "name": "Robert Heinlein",
      "explanation": "",
      "label": "Robert Heinlein label",
      "points": 2,
      "criterion": 5,
      "order_num": 2
    }
  },
  {
    "pk": 25,
    "model": "assessment.criterionoption",
    "fields": {
      "name": "Isaac Asimov",
      "explanation": "",
      "label": "Isaac Asimov label",
      "points": 3,
      "criterion": 5,
      "order_num": 3
    }
  },
  {
    "pk": 26,
    "model": "assessment.criterionoption",
    "fields": {
      "name": "Spock",
      "explanation": "\n                    Coolly rational, with a firm grasp of the main topics, a crystal-clear train of thought,\n                    and unemotional examination of the facts.  This is the only item explained in this category,\n                    to show that explained and unexplained items can be mixed.\n                ",
      "label": "Spock label",
      "points": 10,
      "criterion": 5,
      "order_num": 4
    }
  },
  {
    "pk": 27,
    "model": "assessment.criterionoption",
    "fields": {
      "name": "lolcats",
      "explanation": "",
      "label": "lolcats label",
      "points": 0,
      "criterion": 6,
      "order_num": 0
    }
  },
  {
    "pk": 28,
    "model": "assessment.criterionoption",
    "fields": {
      "name": "Facebook",
      "explanation": "",
      "label": "Facebook label",
      "points": 1,
      "criterion": 6,
      "order_num": 1
    }
  },
  {
    "pk": 29,
    "model": "assessment.criterionoption",
    "fields": {
      "name": "Reddit",
      "explanation": "",
      "label": "Reddit label",
      "points": 2,
      "criterion": 6,
      "order_num": 2
    }
  },
  {
    "pk": 30,
    "model": "assessment.criterionoption",
    "fields": {
      "name": "metafilter",
      "explanation": "",
      "label": "metafilter label",
      "points": 3,
      "criterion": 6,
      "order_num": 3
    }
  },
  {
    "pk": 31,
    "model": "assessment.criterionoption",
    "fields": {
      "name": "Usenet, 1996",
      "explanation": "",
      "label": "Usenet, 1996 label",
      "points": 4,
      "criterion": 6,
      "order_num": 4
    }
  },
  {
    "pk": 32,
    "model": "assessment.criterionoption",
    "fields": {
      "name": "The Elements of Style",
      "explanation": "",
      "label": "The Elements of Style label",
      "points": 5,
      "criterion": 6,
      "order_num": 5
    }
  },
  {
    "pk": 4,
    "model": "assessment.assessment",
    "fields": {
      "scorer_id": "student_1",
      "feedback": "",
      "submission_uuid": "1783758f-d0ae-11e3-b495-14109fd8dc43",
      "score_type": "SE",
      "rubric": 2,
      "scored_at": "2014-04-30T21:28:48.769Z"
    }
  },
  {
    "pk": 3,
    "model": "assessment.assessment",
    "fields": {
      "scorer_id": "student_1",
      "feedback": "",
      "submission_uuid": "387d840a-d0ae-11e3-bb0e-14109fd8dc43",
      "score_type": "PE",
      "rubric": 2,
      "scored_at": "2014-04-30T21:28:41.270Z"
    }
  },
  {
    "pk": 2,
    "model": "assessment.assessment",
    "fields": {
      "scorer_id": "Bob",
      "feedback": "",
      "submission_uuid": "387d840a-d0ae-11e3-bb0e-14109fd8dc43",
      "score_type": "SE",
      "rubric": 2,
      "scored_at": "2014-04-30T21:28:15.210Z"
    }
  },
  {
    "pk": 1,
    "model": "assessment.assessment",
    "fields": {
      "scorer_id": "Bob",
      "feedback": "In sed \u00e1ugue int\u00e9gr\u00ea n\u00e9glegentur, n\u00e9c id \u00e7\u00edb\u00f3 d\u00f4ctus. Doming v\u00f5lupt\u00e0t\u00fam compr\u00e9hens\u00e3m mel n\u00f3, an unum script\u00e3 voluptatibus vis. N\u00e9c sint gr\u00e2\u00e9\u00e7\u00f3 eu.",
      "submission_uuid": "1783758f-d0ae-11e3-b495-14109fd8dc43",
      "score_type": "PE",
      "rubric": 2,
      "scored_at": "2014-04-30T21:27:59.453Z"
    }
  },
  {
    "pk": 1,
    "model": "assessment.assessmentpart",
    "fields": {
      "criterion": 5,
      "assessment": 1,
      "option": 25,
      "feedback": ""
    }
  },
  {
    "pk": 2,
    "model": "assessment.assessmentpart",
    "fields": {
      "criterion": 4,
      "assessment": 1,
      "option": 19,
      "feedback": "Elit nonumy m\u00eal ut, nam \u00e9sse fabul\u00e1s n\u00f3"
    }
  },
  {
    "pk": 3,
    "model": "assessment.assessmentpart",
    "fields": {
      "criterion": 6,
      "assessment": 1,
      "option": 30,
      "feedback": "Per in\u00e2n\u00ed dol\u00f3re an, \u00fat s\u00e9a t\u00f4ta qu\u00e0eque d\u00edssenti\u00fant"
    }
  },
  {
    "pk": 4,
    "model": "assessment.assessmentpart",
    "fields": {
      "criterion": 5,
      "assessment": 2,
      "option": 25,
      "feedback": ""
    }
  },
  {
    "pk": 5,
    "model": "assessment.assessmentpart",
    "fields": {
      "criterion": 4,
      "assessment": 2,
      "option": 20,
      "feedback": ""
    }
  },
  {
    "pk": 6,
    "model": "assessment.assessmentpart",
    "fields": {
      "criterion": 6,
      "assessment": 2,
      "option": 30,
      "feedback": ""
    }
  },
  {
    "pk": 7,
    "model": "assessment.assessmentpart",
    "fields": {
      "criterion": 5,
      "assessment": 3,
      "option": 24,
      "feedback": ""
    }
  },
  {
    "pk": 8,
    "model": "assessment.assessmentpart",
    "fields": {
      "criterion": 4,
      "assessment": 3,
      "option": 19,
      "feedback": ""
    }
  },
  {
    "pk": 9,
    "model": "assessment.assessmentpart",
    "fields": {
      "criterion": 6,
      "assessment": 3,
      "option": 31,
      "feedback": ""
    }
  },
  {
    "pk": 10,
    "model": "assessment.assessmentpart",
    "fields": {
      "criterion": 4,
      "assessment": 4,
      "option": 18,
      "feedback": ""
    }
  },
  {
    "pk": 11,
    "model": "assessment.assessmentpart",
    "fields": {
      "criterion": 6,
      "assessment": 4,
      "option": 30,
      "feedback": ""
    }
  },
  {
    "pk": 12,
    "model": "assessment.assessmentpart",
    "fields": {
      "criterion": 5,
      "assessment": 4,
      "option": 23,
      "feedback": ""
    }
  },
  {
    "pk": 2,
    "model": "assessment.assessmentfeedbackoption",
    "fields": {
      "text": "I disagree with one or more of the peer assessments of my response."
    }
  },
  {
    "pk": 1,
    "model": "assessment.assessmentfeedbackoption",
    "fields": {
      "text": "These assessments were useful."
    }
  },
  {
    "pk": 2,
    "model": "assessment.assessmentfeedback",
    "fields": {
      "feedback_text": "Feedback on assessment",
      "assessments": [
        3
      ],
      "submission_uuid": "387d840a-d0ae-11e3-bb0e-14109fd8dc43",
      "options": [
        1,
        2
      ]
    }
  },
  {
    "pk": 1,
    "model": "assessment.assessmentfeedback",
    "fields": {
      "feedback_text": "Feedback on assessment",
      "assessments": [
        1
      ],
      "submission_uuid": "1783758f-d0ae-11e3-b495-14109fd8dc43",
      "options": [
        1,
        2
      ]
    }
  },
  {
    "pk": 1,
    "model": "assessment.peerworkflow",
    "fields": {
      "student_id": "student_1",
      "created_at": "2014-04-30T21:26:28.910Z",
      "item_id": "openassessmentblock-poverty-rubric.openassessment.d0.u0",
      "submission_uuid": "1783758f-d0ae-11e3-b495-14109fd8dc43",
      "completed_at": "2014-04-30T21:28:41.861Z",
      "course_id": "edX/Enchantment_101/April_1",
      "grading_completed_at": "2014-04-30T21:27:59.543Z"
    }
  },
  {
    "pk": 2,
    "model": "assessment.peerworkflow",
    "fields": {
      "student_id": "Bob",
      "created_at": "2014-04-30T21:27:24.230Z",
      "item_id": "openassessmentblock-poverty-rubric.openassessment.d0.u0",
      "submission_uuid": "387d840a-d0ae-11e3-bb0e-14109fd8dc43",
      "completed_at": "2014-04-30T21:27:59.890Z",
      "course_id": "edX/Enchantment_101/April_1",
      "grading_completed_at": "2014-04-30T21:28:41.343Z"
    }
  },
  {
    "pk": 1,
    "model": "assessment.peerworkflowitem",
    "fields": {
      "scored": true,
      "author": 1,
      "submission_uuid": "1783758f-d0ae-11e3-b495-14109fd8dc43",
      "scorer": 2,
      "started_at": "2014-04-30T21:27:24.818Z",
      "assessment": 1
    }
  },
  {
    "pk": 2,
    "model": "assessment.peerworkflowitem",
    "fields": {
      "scored": true,
      "author": 2,
      "submission_uuid": "387d840a-d0ae-11e3-bb0e-14109fd8dc43",
      "scorer": 1,
      "started_at": "2014-04-30T21:28:26.535Z",
      "assessment": 3
    }
  },
  {
    "pk": 1,
    "model": "submissions.studentitem",
    "fields": {
      "course_id": "edX/Enchantment_101/April_1",
      "student_id": "student_1",
      "item_id": "openassessmentblock-poverty-rubric.openassessment.d0.u0",
      "item_type": "openassessment"
    }
  },
  {
    "pk": 2,
    "model": "submissions.studentitem",
    "fields": {
      "course_id": "edX/Enchantment_101/April_1",
      "student_id": "Bob",
      "item_id": "openassessmentblock-poverty-rubric.openassessment.d0.u0",
      "item_type": "openassessment"
    }
  },
  {
    "pk": 2,
    "model": "submissions.submission",
    "fields": {
      "uuid": "387d840a-d0ae-11e3-bb0e-14109fd8dc43",
      "student_item": 2,
      "created_at": "2014-04-30T21:27:24.181Z",
      "answer": "{\"text\": \"E\\u00e3 \\u00e9um quis d\\u00ed\\u00e7o \\u00e9l\\u00e2b\\u00f3r\\u00e3ret. N\\u00e1m in \\u00e7\\u00f4mmune p\\u00f3nder\\u00fam apeirian, te \\u00e2lii m\\u00e1zim \\u00ednt\\u00e9ll\\u00eagat nec, ex \\u00e9leif\\u00e9nd el\\u00f3quenti\\u00e2m usu. His no n\\u00f3vum lu\\u00e7ilius, \\u00e0utem \\u00e3\\u00e9que vix \\u00e0d.\"}",
      "attempt_number": 1,
      "submitted_at": "2014-04-30T21:27:24.173Z"
    }
  },
  {
    "pk": 1,
    "model": "submissions.submission",
    "fields": {
      "uuid": "1783758f-d0ae-11e3-b495-14109fd8dc43",
      "student_item": 1,
      "created_at": "2014-04-30T21:26:28.855Z",
      "answer": "{\"text\": \"L\\u00f5r\\u00eam \\u00edpsum d\\u00f4lor sit amet, in d\\u00fao p\\u00f5pul\\u00f3 m\\u00e0nd\\u00e1mus, alienum cons\\u00e9q\\u00faat pers\\u00e9cuti mel \\u00e0n. R\\u00eabum de\\u00e7or\\u00ea \\u00e9\\u00fam an, s\\u00e0ep\\u00e9 p\\u00f5pulo splendid\\u00e9 te p\\u00e9r.\"}",
      "attempt_number": 1,
      "submitted_at": "2014-04-30T21:26:28.847Z"
    }
  },
  {
    "pk": 1,
    "model": "submissions.score",
    "fields": {
      "reset": false,
      "submission": 2,
      "created_at": "2014-04-30T21:28:41.770Z",
      "points_earned": 9,
      "student_item": 2,
      "points_possible": 20
    }
  },
  {
    "pk": 2,
    "model": "submissions.score",
    "fields": {
      "reset": false,
      "submission": 1,
      "created_at": "2014-04-30T21:28:49.238Z",
      "points_earned": 9,
      "student_item": 1,
      "points_possible": 20
    }
  },
  {
    "pk": 1,
    "model": "submissions.scoresummary",
    "fields": {
      "highest": 1,
      "student_item": 2,
      "latest": 1
    }
  },
  {
    "pk": 2,
    "model": "submissions.scoresummary",
    "fields": {
      "highest": 2,
      "student_item": 1,
      "latest": 2
    }
  }
]
