[
  {
    "pk": 1,
    "model": "workflow.assessmentworkflow",
    "fields": {
      "status": "done",
      "uuid": "178beedc-d0ae-11e3-afc3-14109fd8dc43",
      "created": "2014-04-30T21:26:28.917Z",
      "submission_uuid": "cf5190b8-d0aa-11e3-a734-14109fd8dc43",
      "modified": "2014-04-30T21:28:49.284Z",
      "course_id": "edX/Enchantment_101/April_1",
      "item_id": "openassessmentblock-poverty-rubric.openassessment.d0.u0",
      "status_changed": "2014-04-30T21:28:49.284Z"
    }
  },
  {
    "pk": 1,
    "model": "assessment.rubric",
    "fields": {
      "content_hash": "7405a513d9f99b62dd561816f20cdb90b09b8060"
    }
  },
  {
    "pk": 2,
    "model": "assessment.rubric",
    "fields": {
      "content_hash": "bfc465aed851e45c8c4c7635d11f3114aa21f865"
    }
  },
  {
    "pk": 3,
    "model": "assessment.rubric",
    "fields": {
      "content_hash": "d722b38507cda59c113983bc2c6014b848a2ae65"
    }
  },
  {
    "pk": 1,
    "model": "assessment.criterion",
    "fields": {
      "order_num": 0,
      "label": "concise label",
      "prompt": "How concise is it?",
      "rubric": 1,
      "name": "concise"
    }
  },
  {
    "pk": 2,
    "model": "assessment.criterion",
    "fields": {
      "order_num": 1,
      "label": "clear-headed label",
      "prompt": "How clear is the thinking?",
      "rubric": 1,
      "name": "clear-headed"
    }
  },
  {
    "pk": 3,
    "model": "assessment.criterion",
    "fields": {
      "order_num": 2,
      "label": "form label",
      "prompt": "Lastly, how is its form? Punctuation, grammar, and spelling all count.",
      "rubric": 1,
      "name": "form"
    }
  },
  {
    "pk": 4,
    "model": "assessment.criterion",
    "fields": {
      "order_num": 0,
      "label": "concise label",
      "prompt": "How concise is it?",
      "rubric": 2,
      "name": "concise"
    }
  },
  {
    "pk": 5,
    "model": "assessment.criterion",
    "fields": {
      "order_num": 1,
      "label": "clear-headed label",
      "prompt": "How clear is the thinking?",
      "rubric": 2,
      "name": "clear-headed"
    }
  },
  {
    "pk": 6,
    "model": "assessment.criterion",
    "fields": {
      "order_num": 2,
      "label": "form label",
      "prompt": "Lastly, how is its form? Punctuation, grammar, and spelling all count.",
      "rubric": 2,
      "name": "form"
    }
  },
  {
    "pk": 7,
    "model": "assessment.criterion",
    "fields": {
      "order_num": 0,
      "label": "concise label",
      "prompt": "How concise is it?",
      "rubric": 3,
      "name": "concise"
    }
  },
  {
    "pk": 1,
    "model": "assessment.criterionoption",
    "fields": {
      "name": "Neal Stephenson (late)",
      "explanation": "\n                    In \"Cryptonomicon\", Stephenson spent multiple pages talking about breakfast cereal.\n                    While hilarious, in recent years his work has been anything but 'concise'.\n                ",
      "label": "Neal Stephenson (late) label",
      "points": 0,
      "criterion": 1,
      "order_num": 0
    }
  },
  {
    "pk": 2,
    "model": "assessment.criterionoption",
    "fields": {
      "name": "HP Lovecraft",
      "explanation": "\n                    If the author wrote something cyclopean that staggers the mind, score it thus.\n                ",
      "label": "HP Lovecraft label",
      "points": 1,
      "criterion": 1,
      "order_num": 1
    }
  },
  {
    "pk": 3,
    "model": "assessment.criterionoption",
    "fields": {
      "name": "Robert Heinlein",
      "explanation": "\n                    Tight prose that conveys a wealth of information about the world in relatively\n                    few words. Example, \"The door irised open and he stepped inside.\"\n                ",
      "label": "Robert Heinlein label",
      "points": 3,
      "criterion": 1,
      "order_num": 2
    }
  },
  {
    "pk": 4,
    "model": "assessment.criterionoption",
    "fields": {
      "name": "Neal Stephenson (early)",
      "explanation": "\n                    When Stephenson still had an editor, his prose was dense, with anecdotes about\n                    nitrox abuse implying main characters' whole life stories.\n                ",
      "label": "Neal Stephenson (early) label",
      "points": 4,
      "criterion": 1,
      "order_num": 3
    }
  },
  {
    "pk": 5,
    "model": "assessment.criterionoption",
    "fields": {
      "name": "Earnest Hemingway",
      "explanation": "\n                    Score the work this way if it makes you weep, and the removal of a single\n                    word would make you sneer.\n                ",
      "label": "Earnest Hemingway label",
      "points": 5,
      "criterion": 1,
      "order_num": 4
    }
  },
  {
    "pk": 6,
    "model": "assessment.criterionoption",
    "fields": {
      "name": "Yogi Berra",
      "explanation": "",
      "label": "Yogi Berra label",
      "points": 0,
      "criterion": 2,
      "order_num": 0
    }
  },
  {
    "pk": 7,
    "model": "assessment.criterionoption",
    "fields": {
      "name": "Hunter S. Thompson",
      "explanation": "",
      "label": "Hunter S. Thompson label",
      "points": 1,
      "criterion": 2,
      "order_num": 1
    }
  },
  {
    "pk": 8,
    "model": "assessment.criterionoption",
    "fields": {
      "name": "Robert Heinlein",
      "explanation": "",
      "label": "Robert Heinlein label",
      "points": 2,
      "criterion": 2,
      "order_num": 2
    }
  },
  {
    "pk": 9,
    "model": "assessment.criterionoption",
    "fields": {
      "name": "Isaac Asimov",
      "explanation": "",
      "label": "Isaac Asimov label",
      "points": 3,
      "criterion": 2,
      "order_num": 3
    }
  },
  {
    "pk": 10,
    "model": "assessment.criterionoption",
    "fields": {
      "name": "Spock",
      "explanation": "\n                    Coolly rational, with a firm grasp of the main topics, a crystal-clear train of thought,\n                    and unemotional examination of the facts.  This is the only item explained in this category,\n                    to show that explained and unexplained items can be mixed.\n                ",
      "label": "Spock label",
      "points": 10,
      "criterion": 2,
      "order_num": 4
    }
  },
  {
    "pk": 11,
    "model": "assessment.criterionoption",
    "fields": {
      "name": "lolcats",
      "explanation": "",
      "label": "lolcats label",
      "points": 0,
      "criterion": 3,
      "order_num": 0
    }
  },
  {
    "pk": 12,
    "model": "assessment.criterionoption",
    "fields": {
      "name": "Facebook",
      "explanation": "",
      "label": "Facebook label",
      "points": 1,
      "criterion": 3,
      "order_num": 1
    }
  },
  {
    "pk": 13,
    "model": "assessment.criterionoption",
    "fields": {
      "name": "Reddit",
      "explanation": "",
      "label": "Reddit label",
      "points": 2,
      "criterion": 3,
      "order_num": 2
    }
  },
  {
    "pk": 14,
    "model": "assessment.criterionoption",
    "fields": {
      "name": "metafilter",
      "explanation": "",
      "label": "metafilter label",
      "points": 3,
      "criterion": 3,
      "order_num": 3
    }
  },
  {
    "pk": 15,
    "model": "assessment.criterionoption",
    "fields": {
      "name": "Usenet, 1996",
      "explanation": "",
      "label": "Usenet, 1996 label",
      "points": 4,
      "criterion": 3,
      "order_num": 4
    }
  },
  {
    "pk": 16,
    "model": "assessment.criterionoption",
    "fields": {
      "name": "The Elements of Style",
      "explanation": "",
      "label": "The Elements of Style label",
      "points": 5,
      "criterion": 3,
      "order_num": 5
    }
  },
  {
    "pk": 17,
    "model": "assessment.criterionoption",
    "fields": {
      "name": "The Bible",
      "explanation": "",
      "label": "The Bible label",
      "points": 0,
      "criterion": 4,
      "order_num": 0
    }
  },
  {
    "pk": 18,
    "model": "assessment.criterionoption",
    "fields": {
      "name": "Earnest Hemingway",
      "explanation": "",
      "label": "Earnest Hemingway label",
      "points": 1,
      "criterion": 4,
      "order_num": 1
    }
  },
  {
    "pk": 19,
    "model": "assessment.criterionoption",
    "fields": {
      "name": "Matsuo Basho",
      "explanation": "",
      "label": "Matsuo Basho label",
      "points": 3,
      "criterion": 4,
      "order_num": 2
    }
  },
  {
    "pk": 20,
    "model": "assessment.criterionoption",
    "fields": {
      "name": "Eric",
      "explanation": "",
      "label": "Eric label",
      "points": 0,
      "criterion": 5,
      "order_num": 0
    }
  },
  {
    "pk": 21,
    "model": "assessment.criterionoption",
    "fields": {
      "name": "John",
      "explanation": "",
      "label": "John label",
      "points": 1,
      "criterion": 5,
      "order_num": 1
    }
  },
  {
    "pk": 22,
    "model": "assessment.criterionoption",
    "fields": {
      "name": "Ian",
      "explanation": "",
      "label": "Ian label",
      "points": 2,
      "criterion": 5,
      "order_num": 2
    }
  },
  {
    "pk": 23,
    "model": "assessment.criterionoption",
    "fields": {
      "name": "IRC",
      "explanation": "",
      "label": "IRC label",
      "points": 0,
      "criterion": 6,
      "order_num": 0
    }
  },
  {
    "pk": 24,
    "model": "assessment.criterionoption",
    "fields": {
      "name": "Real Email",
      "explanation": "",
      "label": "Real Email label",
      "points": 1,
      "criterion": 6,
      "order_num": 1
    }
  },
  {
    "pk": 25,
    "model": "assessment.criterionoption",
    "fields": {
      "name": "Old-timey letters",
      "explanation": "",
      "label": "Old-timey letters label",
      "points": 2,
      "criterion": 6,
      "order_num": 2
    }
  },
  {
    "pk": 26,
    "model": "assessment.criterionoption",
    "fields": {
      "name": "The Bible",
      "explanation": "",
      "label": "The Bible label",
      "points": 0,
      "criterion": 7,
      "order_num": 0
    }
  },
  {
    "pk": 27,
    "model": "assessment.criterionoption",
    "fields": {
      "name": "Earnest Hemingway",
      "explanation": "",
      "label": "Earnest Hemingway label",
      "points": 1,
      "criterion": 7,
      "order_num": 1
    }
  },
  {
    "pk": 28,
    "model": "assessment.criterionoption",
    "fields": {
      "name": "Matsuo Basho",
      "explanation": "",
      "label": "Matsuo Basho label",
      "points": 3,
      "criterion": 7,
      "order_num": 2
    }
  },
  {
    "pk": 1,
    "model": "assessment.peerworkflow",
    "fields": {
      "student_id": "student_1",
      "created_at": "2014-04-30T21:02:59.297Z",
      "item_id": "openassessmentblock-poverty-rubric.openassessment.d0.u0",
      "submission_uuid": "cf5190b8-d0aa-11e3-a734-14109fd8dc43",
      "completed_at": null,
      "course_id": "edX/Enchantment_101/April_1",
      "grading_completed_at": null
    }
  },
  {
    "pk": 1,
    "model": "submissions.studentitem",
    "fields": {
      "course_id": "edX/Enchantment_101/April_1",
      "student_id": "student_1",
      "item_id": "openassessmentblock-poverty-rubric.openassessment.d0.u0",
      "item_type": "openassessment"
    }
  },
  {
    "pk": 1,
    "model": "submissions.submission",
    "fields": {
      "uuid": "cf5190b8-d0aa-11e3-a734-14109fd8dc43",
      "student_item": 1,
      "created_at": "2014-04-30T21:02:59.241Z",
      "answer": "{\"text\": \"Lorem ipsum dolor sit amet\"}",
      "attempt_number": 1,
      "submitted_at": "2014-04-30T21:02:59.234Z"
    }
  }
]
